date,v_number
Mon Mar 24 16:18:46 2025,"MH1Z2DE1433
"
Mon Mar 24 16:46:09 2025,"MH1Z2DE1433
"
Mon Mar 24 16:46:28 2025,KA02KJ9088
Mon Mar 24 16:50:59 2025,KA02KJ9088
Mon Mar 24 16:51:27 2025,KA02KJ9088
Mon Mar 24 16:51:42 2025,"MH1Z2DE1433
"
Mon Mar 24 17:23:11 2025,"MH1Z2DE1433
"
Mon Mar 24 17:23:51 2025,KA02KJ9088
Wed Apr 23 10:45:18 2025,"MH1Z2DE1433
"
Wed Apr 23 10:46:16 2025,"MH1Z2DE1433
"
Wed Apr 23 10:47:01 2025,KA02KJ9088
Wed Apr 23 15:19:21 2025,"MH1Z2DE1433
"
Wed Apr 23 15:21:36 2025,"MH1Z2DE1433
"
Wed Apr 23 15:28:00 2025,KA02KJ9088
Wed Apr 23 15:28:17 2025,KA02KJ9088
Wed Apr 23 15:30:30 2025,"MH1Z2DE1433
"
Wed Apr 23 21:35:38 2025,"20BY3665
"
Wed Apr 23 21:37:35 2025,"20BY3665
"
Wed Apr 23 21:55:52 2025,KA02KJ9088
Wed Apr 23 21:56:54 2025,KA02KJ9088
Wed Apr 23 22:01:20 2025,"20BY3665
"
Wed Apr 23 22:02:39 2025,"20BY3665
"
Wed Apr 23 22:31:57 2025,"KLO1KLKLO1
"
Wed Apr 23 22:33:07 2025,"KLO1KLKLO1
"
Sun May  4 22:25:28 2025,
Tue May  6 00:08:25 2025,KA02KJ9088
Tue May  6 16:15:49 2025,"MH1Z2DE1433
"
Fri May  9 00:27:41 2025,
Fri May  9 00:32:16 2025,
Fri May 16 23:53:04 2025,
Fri May 16 23:53:52 2025,
Fri May 16 23:58:13 2025,
Sat May 17 00:01:06 2025,
Sat May 17 00:11:36 2025,
Sat May 17 00:12:17 2025,
Sat May 17 00:12:30 2025,"MH14EU3498
"
Sat May 17 00:13:54 2025,"MH14EU3498
"
Sat May 17 00:19:58 2025,
Sat May 17 00:21:05 2025,KA02KJ9088
Sat May 17 00:23:34 2025,KA02KJ9088
Sat May 17 12:50:15 2025,KA02KJ9088
Mon May 26 12:41:52 2025,
Wed May 28 12:10:11 2025,
Fri Apr  3 15:50:03 2026,
Fri Apr  3 15:50:17 2026,
Fri Apr  3 16:50:15 2026,EKA420
Fri Apr  3 16:51:05 2026,EKA420
Fri Apr  3 16:51:10 2026,
Fri Apr  3 16:51:55 2026,EKA420
Thu May  7 19:24:32 2026,
Thu May  7 19:25:32 2026,GKA07
Sun May 10 20:23:50 2026,GKA07
Sun May 10 20:25:01 2026,GKA07
Sun May 10 20:38:20 2026,GKA07
Sun May 10 20:54:17 2026,GKA07
Sun May 10 21:00:14 2026,GKA07
Mon May 11 10:13:58 2026,GKA07
Mon May 11 12:25:32 2026,GKA07
Mon May 11 20:24:18 2026,GKA07
Wed May 13 11:57:56 2026,GKA07
Wed May 13 12:04:40 2026,GKA11
Wed May 13 12:05:12 2026,GKA10
Wed May 13 17:08:33 2026,GKA11
Thu May 14 08:11:49 2026,GKA10
Thu May 14 08:12:00 2026,GKA10
Thu May 14 08:12:10 2026,GKA10
Thu May 14 10:02:01 2026,GKA10
Thu May 14 10:11:44 2026,GKA10
Tue May 19 14:46:52 2026,GKA10
Fri May 22 14:20:03 2026,GKA11
Fri May 22 18:50:48 2026,GKA10
Sat May 23 18:54:03 2026,GKA11
Sat May 23 18:54:17 2026,GKA11
Sat May 23 19:18:49 2026,GKA11
Thu Jun  4 13:29:03 2026,GKA10
